{"val_dice":0.07507072389125824,"_wandb":{"runtime":385},"_runtime":385,"_timestamp":1.769668619034484e+09,"_step":149,"train_loss":0.26299291430041194,"epoch":99}