{"_runtime":388,"train_loss":0.2484505930915475,"epoch":99,"_timestamp":1.7696672090860949e+09,"_step":149,"val_dice":0.08164429664611816,"_wandb":{"runtime":388}}