{"_timestamp":1.7696707052214246e+09,"_step":749,"val_dice":0.9353864192962646,"_wandb":{"runtime":1884},"_runtime":1884,"train_loss":0.1944292013067752,"epoch":499}