{"val_dice":0.12956809997558594,"_wandb":{"runtime":382},"_runtime":382,"_step":149,"train_loss":0.2414148561656475,"epoch":99,"_timestamp":1.7696678912417226e+09}